{
  "query": {
    "bool": {
      "must": {
        "multi_match": {
          "query": "laptop",
          "fields": [
            "name",
            "description"
          ]
        }
      }
    }
  },
  "aggs": {
    "agg_all_facets_filtered": {
      "filter": {
        "bool": {
          "must": [
            {
              "nested": {
                "path": "productAttributeList",
                "query": {
                  "bool": {
                    "filter": [
                      {
                        "term": {
                          "productAttributeList.attributeName.keyword": "Brand"
                        }
                      },
                      {
                        "terms": {
                          "productAttributeList.attributeValue.keyword": [
                            "Lenovo"
                          ]
                        }
                      }
                    ]
                  }
                }
              }
            },
            {
              "nested": {
                "path": "productAttributeList",
                "query": {
                  "bool": {
                    "filter": [
                      {
                        "term": {
                          "productAttributeList.attributeName.keyword": "Hard Drive"
                        }
                      },
                      {
                        "terms": {
                          "productAttributeList.attributeValue.keyword": [
                            "512 GB"
                          ]
                        }
                      }
                    ]
                  }
                }
              }
            }
          ]
        }
      },
      "aggs": {
        "agg_all_facets_filtered": {
          "nested": {
            "path": "productAttributeList"
          },
          "aggs": {
            "inner": {
              "filter": {
                "terms": {
                  "productAttributeList.attributeName.keyword": [
                    "Brand",
                    "Battery Type",
                    "Display Type",
                    "Graphics Card - Brand",
                    "Graphics Card - Sub-Brand",
                    "Hard Drive",
                    "HDMI",
                    "Memory (RAM)",
                    "Hard Drive Type",
                    "Operating System Type",
                    "Processor Brand",
                    "Core Type",
                    "Touch Screen"
                  ]
                }
              },
              "aggs": {
                "key": {
                  "terms": {
                    "field": "productAttributeList.attributeName.keyword"
                  },
                  "aggs": {
                    "value": {
                      "terms": {
                        "field": "productAttributeList.attributeValue.keyword"
                      }
                    }
                  }
                }
              }
            }
          }
        }
      }
    }
  },
  "post_filter": {
    "bool": {
      "must": [
        {
          "nested": {
            "path": "productAttributeList",
            "query": {
              "bool": {
                "filter": [
                  {
                    "term": {
                      "productAttributeList.attributeName.keyword": "Brand"
                    }
                  },
                  {
                    "terms": {
                      "productAttributeList.attributeValue.keyword": [
                        "Lenovo"
                      ]
                    }
                  }
                ]
              }
            }
          }
        },
        {
          "nested": {
            "path": "productAttributeList",
            "query": {
              "bool": {
                "filter": [
                  {
                    "term": {
                      "productAttributeList.attributeName.keyword": "Hard Drive"
                    }
                  },
                  {
                    "terms": {
                      "productAttributeList.attributeValue.keyword": [
                        "512 GB"
                      ]
                    }
                  }
                ]
              }
            }
          }
        }
      ]
    }
  }
}